;home_win;no_bet;visitor_win;csk;home_name;visitor_name;home_odd;visitor_odd;home_win_probability
0;0.022351285442709923;0.04021630808711052;0.9374324679374695;202101110DAL;Dallas Mavericks;New Orleans Pelicans;1.58;2.47;0.6179360747337341
1;0.026630325242877007;0.046821121126413345;0.9265485405921936;202101120PHI;Philadelphia 76ers;Miami Heat;1.0;1.0;0.6149913668632507
2;0.1076144278049469;0.02332509681582451;0.8690603971481323;202101120BRK;Brooklyn Nets;Denver Nuggets;1.98;1.88;0.5895384550094604
3;0.1282438188791275;0.0830942913889885;0.7886618971824646;202101120CLE;Cleveland Cavaliers;Utah Jazz;4.9;1.2;0.5277777314186096
4;0.31300315260887146;0.1066555604338646;0.5803412199020386;202101120HOU;Houston Rockets;Los Angeles Lakers;2.95;1.44;0.4339737892150879
5;0.268412709236145;0.0855291411280632;0.646058201789856;202101120OKC;Oklahoma City Thunder;San Antonio Spurs;2.15;1.75;0.5511955618858337
6;0.42098984122276306;0.07428022474050522;0.5047299265861511;202101120GSW;Golden State Warriors;Indiana Pacers;1.85;1.98;0.4653507471084595
