;home_win;no_bet;visitor_win;csk;home_name;visitor_name;home_odd;visitor_odd;home_win_probability
0;0.15394116938114166;0.018092889338731766;0.8279659152030945;202101100DET;Detroit Pistons;Utah Jazz;3.57;1.33;0.46938472986221313
1;0.09158962219953537;0.14030253887176514;0.7681078314781189;202101100LAC;Los Angeles Clippers;Chicago Bulls;1.0;1.0;0.6577052474021912
2;0.0630786269903183;0.16152195632457733;0.775399386882782;202101100BRK;Brooklyn Nets;Oklahoma City Thunder;1.21;5.1;0.7011436223983765
3;0.4437486231327057;0.1407049000263214;0.4155465364456177;202101100NYK;New York Knicks;Denver Nuggets;3.14;1.41;0.5500881671905518
4;0.020835192874073982;0.031707409769296646;0.9474574327468872;202101100BOS;Boston Celtics;Miami Heat;2.2;1.69;0.6126210689544678
5;0.2816060483455658;0.03311222791671753;0.6852817535400391;202101100HOU;Houston Rockets;Los Angeles Lakers;2.35;1.65;0.49853262305259705
6;0.027202803641557693;0.020488977432250977;0.9523082375526428;202101100MIN;Minnesota Timberwolves;San Antonio Spurs;2.7;1.51;0.4158003330230713
7;0.08941012620925903;0.0651964545249939;0.8453934192657471;202101100GSW;Golden State Warriors;Toronto Raptors;2.07;1.85;0.5432476997375488
